Asset_ID,Weight,Asset_Name
2,2.3978952727983707,Bitcoin Cash
0,4.30406509320417,Binance Coin
1,6.779921907472252,Bitcoin
5,1.3862943611198906,EOS.IO
7,2.0794415416798357,Ethereum Classic
6,5.8944028342648505,Ethereum
9,2.3978952727983707,Litecoin
11,1.6094379124341003,Monero
13,1.791759469228055,TRON
12,2.0794415416798357,Stellar
3,4.406719247264253,Cardano
8,1.0986122886681098,IOTA
10,1.0986122886681098,Maker
4,3.5553480614894135,Dogecoin
